,id_str,created_at,full_text,sentiment,sentiment_label,sentiment_score
0,1484418031581233154,2022-01-21 06:50:12+00:00, watching only the one without amber heard.....,"[{'label': 'Neutral', 'score': 0.8662841320037842}]",Neutral,0.8662841320037842
1,1484485396167905284,2022-01-21 11:17:53+00:00," only watching #avatar. love #aquaman2, but hate that #amberheard is in it. she completely ruined the movie. it would have been a masterpiece if heard wasn't in it. #amberheardisanabuser and a psychopath and bad actor. no to violence. she should be fired. justice for #johnnydepp","[{'label': 'Negative', 'score': 0.9285621047019958}]",Negative,0.9285621047019958
2,1484613837533835264,2022-01-21 19:48:16+00:00, no. my family and friends will not contribute a solitary penny to anything amber heard is attached to. avatar for the clear win.,"[{'label': 'Negative', 'score': 0.6934016346931458}]",Negative,0.6934016346931458
3,1483753192668151812,2022-01-19 10:48:22+00:00," nope, won't be watching either. avatar was visually exciting, but the story was incredibly derivative. no interest in a sequel all these years later. i really want to see aquaman 2, but amber heard is a deal breaker for me.","[{'label': 'Negative', 'score': 0.8958269953727722}]",Negative,0.8958269953727722
4,1483750400880693250,2022-01-19 10:37:16+00:00," chocolate. pirates of the caribbean.  benny and joon... you get the drift.
#amberheardisanabuser 
#justiceforjohnnydepp","[{'label': 'Neutral', 'score': 0.8372517824172974}]",Neutral,0.8372517824172974
5,1483746644197838850,2022-01-19 10:22:21+00:00," not if amber heard is in it, no","[{'label': 'Neutral', 'score': 0.7098822593688965}]",Neutral,0.7098822593688965
6,1483746137869885440,2022-01-19 10:20:20+00:00, will never understand why they didn't recast amber heard #aquaman2 makes no sense to me.,"[{'label': 'Negative', 'score': 0.8605921268463135}]",Negative,0.8605921268463135
7,1483743716003266561,2022-01-19 10:10:43+00:00, i'll only watch avatar cause avatar doesn't have amber heard in itüò¨,"[{'label': 'Negative', 'score': 0.7554001212120056}]",Negative,0.7554001212120056
8,1483743313056387073,2022-01-19 10:09:07+00:00, avatar 100%. amber heard never.,"[{'label': 'Neutral', 'score': 0.7222523093223572}]",Neutral,0.7222523093223572
9,1483742570425552896,2022-01-19 10:06:10+00:00, the one that doesn‚Äôt have amber heard . i would be watching,"[{'label': 'Neutral', 'score': 0.7652856111526489}]",Neutral,0.7652856111526489
10,1483740943802978306,2022-01-19 09:59:42+00:00, thing is it didn‚Äôt stopped people from watching the snyder cut knowing that amber heard was in it so i won‚Äôt be surprised that people will still go see aquaman 2 despite having her as well and the only ones who will watch avatar 2 are people who actually liked the first one,"[{'label': 'Neutral', 'score': 0.5675657987594604}]",Neutral,0.5675657987594604
11,1483739208988516354,2022-01-19 09:52:48+00:00," hell no, spousal abusers shouldn‚Äôt get any more acting work in my books, common amber heard l","[{'label': 'Negative', 'score': 0.9214670062065125}]",Negative,0.9214670062065125
12,1483656076734119940,2022-01-19 04:22:28+00:00," amber heard is in it, so no i wont be watching aquaman 2.","[{'label': 'Negative', 'score': 0.5512591600418091}]",Negative,0.5512591600418091
13,1483655942994550786,2022-01-19 04:21:56+00:00," probably neither. mainly because:
1. i don‚Äôt care too much about avatar
2. i‚Äôd watch anything else that doesn‚Äôt involve amber heard","[{'label': 'Neutral', 'score': 0.6061047315597534}]",Neutral,0.6061047315597534
14,1483653842818453515,2022-01-19 04:13:35+00:00, won‚Äôt pay to watch aquaman because of amber heard #justiceforjohnnydepp,"[{'label': 'Negative', 'score': 0.812920331954956}]",Negative,0.812920331954956
15,1483653497602117635,2022-01-19 04:12:13+00:00, i won‚Äôt watch anything with amber heard in it,"[{'label': 'Negative', 'score': 0.7837006449699402}]",Negative,0.7837006449699402
16,1483653471094067205,2022-01-19 04:12:07+00:00, avatar is gonna eat aquaman up. especially since people don‚Äôt like amber heard,"[{'label': 'Negative', 'score': 0.6626909375190735}]",Negative,0.6626909375190735
17,1483653186997166081,2022-01-19 04:10:59+00:00, note: i will only be watching aquaman 2 for james wan because he is amazing but amber heard is anything but.,"[{'label': 'Positive', 'score': 0.7689043879508972}]",Positive,0.7689043879508972
18,1483652644619051010,2022-01-19 04:08:50+00:00," such a shame amber heard is involved, would of loved a double feature that day.","[{'label': 'Negative', 'score': 0.8034958243370056}]",Negative,0.8034958243370056
19,1483652613983797248,2022-01-19 04:08:42+00:00, if aquaman still has amber heard in it then no,"[{'label': 'Neutral', 'score': 0.5805216431617737}]",Neutral,0.5805216431617737
20,1483652562612105227,2022-01-19 04:08:30+00:00," avatar 2 is a james cameron film and it doesn‚Äôt have amber heard in it, so avatar 2.","[{'label': 'Neutral', 'score': 0.5879268050193787}]",Neutral,0.5879268050193787
21,1483674441829666817,2022-01-19 05:35:26+00:00," i'll be watching neither.  avatar was utter trash that was a complete waste of time with nothing of value.  the story couldn't even be something original, instead, it just stole from other people.

aquaman 2 has amber heard.  nuff said.","[{'label': 'Negative', 'score': 0.9402212500572205}]",Negative,0.9402212500572205
22,1483670306577424385,2022-01-19 05:19:01+00:00, neither. can‚Äôt stand avatar and i will not support warner bros with their decision to keep amber heard attached to the project.,"[{'label': 'Negative', 'score': 0.915769100189209}]",Negative,0.915769100189209
23,1483665158530830336,2022-01-19 04:58:33+00:00, nope ....only avatar 2 ... not interested in watching amber heard's film. https://t.co/artg1b4xdu,"[{'label': 'Negative', 'score': 0.8788102865219116}]",Negative,0.8788102865219116
24,1483663812205109248,2022-01-19 04:53:12+00:00, 100% not watching aquaman in cinemas as long as they keep amber heard,"[{'label': 'Negative', 'score': 0.6647554039955139}]",Negative,0.6647554039955139
25,1483663533581955076,2022-01-19 04:52:06+00:00, well aquaman has amber heard so... https://t.co/03lyfeg2al,"[{'label': 'Neutral', 'score': 0.8868713974952698}]",Neutral,0.8868713974952698
26,1483662209376919553,2022-01-19 04:46:50+00:00, avatar sure. aquaman not so much. i refuse to put money towards anything with amber heard in it.,"[{'label': 'Negative', 'score': 0.7450049519538879}]",Negative,0.7450049519538879
27,1483829508037824516,2022-01-19 15:51:37+00:00, not if amber heard is in aquaman,"[{'label': 'Neutral', 'score': 0.8673170208930969}]",Neutral,0.8673170208930969
28,1483829441197486083,2022-01-19 15:51:21+00:00, just the one without amber heard,"[{'label': 'Neutral', 'score': 0.811600923538208}]",Neutral,0.811600923538208
29,1483828916649291776,2022-01-19 15:49:16+00:00, i‚Äôll be watching both i don‚Äôt care for amber heard after what she did to johnny but i‚Äôll be watching aquaman and the lost kingdom to see more of jason momoa as aquaman and hopefully some more of willem dafoe‚Äôs vulko.,"[{'label': 'Neutral', 'score': 0.7113311886787415}]",Neutral,0.7113311886787415
30,1483827117347553289,2022-01-19 15:42:07+00:00," only avatar, 
no aquaman because #amberheardisanabuser","[{'label': 'Neutral', 'score': 0.6916875839233398}]",Neutral,0.6916875839233398
31,1483826027650588673,2022-01-19 15:37:47+00:00," hah! it's pretty clear no one will be supporting aquaman 2 if it means condoning amber heard's lies and abuse. avatar 2, it is üòÄ","[{'label': 'Negative', 'score': 0.5440956950187683}]",Negative,0.5440956950187683
32,1483825096921739266,2022-01-19 15:34:05+00:00, i don‚Äôt like avatar but i hope aquaman is a flop. don‚Äôt support studios who support abusers like amber heard.,"[{'label': 'Negative', 'score': 0.9391780495643616}]",Negative,0.9391780495643616
33,1483823572384690178,2022-01-19 15:28:02+00:00," avatar maybe, aquaman definitely no. i refuse to watch amber heard!","[{'label': 'Negative', 'score': 0.8061134219169617}]",Negative,0.8061134219169617
34,1483822847910985732,2022-01-19 15:25:09+00:00,  good to know you wouldn't ever cast her! #justiceforjohnnydepp,"[{'label': 'Neutral', 'score': 0.41512274742126465}]",Neutral,0.41512274742126465
35,1483821777096691715,2022-01-19 15:20:54+00:00," avatar, all set on aquaman 2 with amber heard","[{'label': 'Neutral', 'score': 0.814820408821106}]",Neutral,0.814820408821106
36,1483818445376475136,2022-01-19 15:07:40+00:00," hell no. i‚Äôm very excited for avatar 2 since the first movie was ahead of it‚Äôs time in vfx and james cameron is quite cool and it was one of my fav movies growing up. but, aquaman? hell no not ever. if amber heard is in it then i‚Äôm not watching it. lmao i‚Äôm good.","[{'label': 'Positive', 'score': 0.9420099258422852}]",Positive,0.9420099258422852
37,1483817746202869762,2022-01-19 15:04:53+00:00, jim cameron will blow everybody away with #avatar2 that is for sure. unfortunately i can't watch #aquamanandthelostkingdom due to  continued association with a certain abuser amber heard.,"[{'label': 'Negative', 'score': 0.6961699724197388}]",Negative,0.6961699724197388
38,1483816075997421573,2022-01-19 14:58:15+00:00, definitely passing aquaman bc of amber heard,"[{'label': 'Neutral', 'score': 0.7434456944465637}]",Neutral,0.7434456944465637
39,1483815944417951747,2022-01-19 14:57:43+00:00," nah. avatar is hot trash &amp; amber heard is still in aquaman, so hard pass on that liar.","[{'label': 'Negative', 'score': 0.8983561396598816}]",Negative,0.8983561396598816
40,1483815527395078146,2022-01-19 14:56:04+00:00," a movie with amber turd in it?? no, thank you!!
#amberheardisanabuser https://t.co/ddttzn7cwj","[{'label': 'Negative', 'score': 0.6518319845199585}]",Negative,0.6518319845199585
41,1483814971808964609,2022-01-19 14:53:51+00:00, movies any ties with snake amber heard üëé,"[{'label': 'Neutral', 'score': 0.5553088784217834}]",Neutral,0.5553088784217834
42,1483814760760197123,2022-01-19 14:53:01+00:00, definitely not the one with amber heard in it...so avatar it isüòÖ,"[{'label': 'Neutral', 'score': 0.577406644821167}]",Neutral,0.577406644821167
43,1483949577334104067,2022-01-19 23:48:44+00:00, these comments acting like their gonna stand out side every theater and fight anyone seeing aquaman 2üíÄ i don‚Äôt care about amber heard. aquaman 1 was phenomenal so im watching aquaman 2,"[{'label': 'Negative', 'score': 0.5491735935211182}]",Negative,0.5491735935211182
44,1483948517299306497,2022-01-19 23:44:31+00:00," this is your #mera 
amber heard is an abuser https://t.co/kecfrbrot6","[{'label': 'Negative', 'score': 0.7579036355018616}]",Negative,0.7579036355018616
45,1483945824337940487,2022-01-19 23:33:49+00:00, aquaman? the one with amber heard in it? nah i'll pass. not fond of abusers who get their victims blacklisted and get no punishment whatsoever for it.,"[{'label': 'Negative', 'score': 0.8723078966140747}]",Negative,0.8723078966140747
46,1483944483653881864,2022-01-19 23:28:29+00:00," i will not watch aquaman 
i don't support abusers, liars, fake activist and opportunists
i don't support who supports this woman.
#amberheardisanabuser 
#amberheardisaliar","[{'label': 'Negative', 'score': 0.9307209849357605}]",Negative,0.9307209849357605
47,1483942951277506566,2022-01-19 23:22:24+00:00," avatar of course!!! amber heard is unwatchable‚Ä¶ and now with jm mess, i am not sure about him, either‚Ä¶ not supporting zoe, maybe entangled with the turd‚Ä¶","[{'label': 'Negative', 'score': 0.8818670511245728}]",Negative,0.8818670511245728
48,1483942598100279298,2022-01-19 23:21:00+00:00, just avatar 2. i have no interest in watching amber heard on the big screen,"[{'label': 'Negative', 'score': 0.7762940526008606}]",Negative,0.7762940526008606
49,1483705667022032898,2022-01-19 07:39:31+00:00," as long as amber heard is in aquaman, then no.","[{'label': 'Neutral', 'score': 0.7758105993270874}]",Neutral,0.7758105993270874
50,1483705117849407490,2022-01-19 07:37:20+00:00," #justiceforjohnnydepp 
does that give you a clue which i'll be taking my family to?","[{'label': 'Neutral', 'score': 0.8142606616020203}]",Neutral,0.8142606616020203
51,1483704697391181826,2022-01-19 07:35:40+00:00,  and amber heard should stay out of it,"[{'label': 'Neutral', 'score': 0.5012678503990173}]",Neutral,0.5012678503990173
52,1483704524091310080,2022-01-19 07:34:59+00:00, nah- will not be watching aquaman 2 as they kept abuser &amp; fraud amber heard. absolutely appalled- she has done so many awful things &amp; continues to get away with it!,"[{'label': 'Negative', 'score': 0.9329731464385986}]",Negative,0.9329731464385986
53,1483704171886952453,2022-01-19 07:33:35+00:00, yeah i'm not gonna watch either. avatar bored me after i got over the environments. its a pretty movie...just not a lot else. and aquamarine still got amber heard and really after what she did im not watching anything having to do with her,"[{'label': 'Negative', 'score': 0.8780720829963684}]",Negative,0.8780720829963684
54,1483703124300861442,2022-01-19 07:29:25+00:00, i'll be watching the one that doesn't have amber heard in it,"[{'label': 'Neutral', 'score': 0.7056574821472168}]",Neutral,0.7056574821472168
55,1483701726624419840,2022-01-19 07:23:52+00:00, #boycottwb #boycottaquaman2 #justiceforjohnnydepp https://t.co/4vhjjcixhw,"[{'label': 'Negative', 'score': 0.7031445503234863}]",Negative,0.7031445503234863
56,1483701555014471681,2022-01-19 07:23:11+00:00," no way would l watch aquafish as it has an abuser in it. also, it is a wb product and i refuse to watch anything wb as they are an abuse apologists company. might watch avatar 2 but who knows what i am doing in 10 months. #boycottwb #boycottaquaman2 #justiceforjohnnydepp","[{'label': 'Negative', 'score': 0.9269639253616333}]",Negative,0.9269639253616333
57,1483701358578614274,2022-01-19 07:22:24+00:00," nope not either of them, i would watch aquaman but they refuse to take amber heard out of it, so no thanks","[{'label': 'Negative', 'score': 0.7853706479072571}]",Negative,0.7853706479072571
58,1483700384308903942,2022-01-19 07:18:32+00:00, part of me really wants the avatar 2 trailer to drop and it reveals to either also have amber heard in it or someone else like armie hammer,"[{'label': 'Positive', 'score': 0.6477691531181335}]",Positive,0.6477691531181335
59,1483700256898686981,2022-01-19 07:18:01+00:00, nobody is gonna go watch amber heard,"[{'label': 'Negative', 'score': 0.6220725774765015}]",Negative,0.6220725774765015
60,1483700208521592832,2022-01-19 07:17:50+00:00," aquaman left.... never gonna see it anyway cuz of amber heard

","[{'label': 'Negative', 'score': 0.7532994151115417}]",Negative,0.7532994151115417
61,1483698617051402240,2022-01-19 07:11:30+00:00, one has amber heard and the other one doesn‚Äôt.. neither..,"[{'label': 'Neutral', 'score': 0.7388598322868347}]",Neutral,0.7388598322868347
62,1483697423327408129,2022-01-19 07:06:46+00:00," will be watching avatar, will not watch aquaman 2 i do not support films with abusers and liars like amber heard","[{'label': 'Negative', 'score': 0.8587372899055481}]",Negative,0.8587372899055481
63,1483694060921630722,2022-01-19 06:53:24+00:00," amber heard is in aquaman 2 so i've no desire to watch that ever.  plus most dcu films suck.  

avatar 2, is nothing to be excited about, but who knows cameron is a master at his craft.","[{'label': 'Negative', 'score': 0.8378759026527405}]",Negative,0.8378759026527405
64,1483692612485799942,2022-01-19 06:47:39+00:00," avatar 2, i didn't like the first movie but the lack of amber heard in it sold me.","[{'label': 'Negative', 'score': 0.5653068423271179}]",Negative,0.5653068423271179
65,1483692057633845248,2022-01-19 06:45:26+00:00, avatar 2 duh. never supporting amber heard,"[{'label': 'Negative', 'score': 0.6958405375480652}]",Negative,0.6958405375480652
66,1483721009156947968,2022-01-19 08:40:29+00:00," nah, i'm good on the amber heard movie, avatar i've been waiting on forever and doesn't pander to the pos people","[{'label': 'Positive', 'score': 0.5097233057022095}]",Positive,0.5097233057022095
67,1483720982984634370,2022-01-19 08:40:23+00:00," most likely avatar. it's definitely peaked my interest recently.

i'll probably see aquaman straight after. but not if amber heard is still on it. that's just taking the piss.","[{'label': 'Negative', 'score': 0.6287149786949158}]",Negative,0.6287149786949158
68,1483716625857748994,2022-01-19 08:23:04+00:00, i'll be watching the one without amber heard.,"[{'label': 'Neutral', 'score': 0.8477239012718201}]",Neutral,0.8477239012718201
69,1483714017629597697,2022-01-19 08:12:42+00:00, whichever doesn't have amber heard,"[{'label': 'Neutral', 'score': 0.7253891229629517}]",Neutral,0.7253891229629517
70,1483713882937987072,2022-01-19 08:12:10+00:00, #amberheardisanabuser,"[{'label': 'Neutral', 'score': 0.9032965302467346}]",Neutral,0.9032965302467346
71,1483713801753141253,2022-01-19 08:11:51+00:00, the one that doesn't have that amber heard bitch,"[{'label': 'Negative', 'score': 0.6811668276786804}]",Negative,0.6811668276786804
72,1483713651584421888,2022-01-19 08:11:15+00:00, avatar 2 only because amber heard is in aquaman,"[{'label': 'Neutral', 'score': 0.8008639812469482}]",Neutral,0.8008639812469482
73,1483712837084008448,2022-01-19 08:08:01+00:00," them cgi blue people scare me.  i'm going with aquaman 2, at least it's got the hot amber heard in it https://t.co/1mwfy1stbp","[{'label': 'Negative', 'score': 0.4577101767063141}]",Negative,0.4577101767063141
74,1483710319784464387,2022-01-19 07:58:00+00:00, neither avatar is unnecessary and i‚Äôm not paying to see aquaman with amber heard!,"[{'label': 'Negative', 'score': 0.8433098793029785}]",Negative,0.8433098793029785
75,1483708376005627906,2022-01-19 07:50:17+00:00, both if amber heard is fired. if not then just avatar 2.,"[{'label': 'Neutral', 'score': 0.7669317722320557}]",Neutral,0.7669317722320557
76,1483707959683125248,2022-01-19 07:48:38+00:00, reminder that amber heard who plays mera in aquaman  is an abuser &amp; fraud. her victim is being punished whilst her abuse &amp; lies are being rewarded! she was arrested in 2009- spent a night in prison for dv- then abused her ex husband,"[{'label': 'Negative', 'score': 0.9145731925964355}]",Negative,0.9145731925964355
77,1483874459660558338,2022-01-19 18:50:14+00:00, nope. dont support abusive people like amber heard,"[{'label': 'Negative', 'score': 0.830197274684906}]",Negative,0.830197274684906
78,1483874256542916612,2022-01-19 18:49:26+00:00," considering #amberheard is in fish boy movie absolutely no way i‚Äôm watching it so it‚Äôs avatar 2 all the way 
#amberheardisanabuser","[{'label': 'Negative', 'score': 0.6984835267066956}]",Negative,0.6984835267066956
79,1483873441107386377,2022-01-19 18:46:12+00:00, not watching aquaman in theatre cause of amber heard and avatar 2 is way too late,"[{'label': 'Negative', 'score': 0.7861220836639404}]",Negative,0.7861220836639404
80,1483868859975311364,2022-01-19 18:27:59+00:00,"  if they both good i ll watch both, i'm why should i fuck with everyone's paycheck cuz of amber heard ? cancel culture can think smarter than that.üòï","[{'label': 'Negative', 'score': 0.6360361576080322}]",Negative,0.6360361576080322
81,1483868779524329479,2022-01-19 18:27:40+00:00, why would anyone watch aquaman 2 and give amber heard $ on her backend-studio pay cut when she fully admitted to stealing money from chla? stiffed sick and dying kids? and abused johnny depp? and lied about it?,"[{'label': 'Negative', 'score': 0.8866788744926453}]",Negative,0.8866788744926453
82,1483866512297365508,2022-01-19 18:18:40+00:00, both. because i'm not gonna pretend that amber heard invented domestic violence and is the only working actor in a comic book movie that has engaged in it.,"[{'label': 'Negative', 'score': 0.5625231266021729}]",Negative,0.5625231266021729
83,1483865873991417858,2022-01-19 18:16:07+00:00," sorry, i despise amber heard more than i love jason momoa so i won‚Äôt ever watch aquaman.","[{'label': 'Negative', 'score': 0.9040145874023438}]",Negative,0.9040145874023438
84,1483864602517647363,2022-01-19 18:11:04+00:00, think it's fair to say millions won't be watching aquaman b/c the violent lying golddigger amber heard is in it. i won't be watching it either.,"[{'label': 'Negative', 'score': 0.8894943594932556}]",Negative,0.8894943594932556
85,1483862307880984580,2022-01-19 18:01:57+00:00," nope, because amber heard is in  and she's an admitted abuser. i won't see the next fantastic beasts movie either since   fired johnny depp! #justiceforjohnnydepp","[{'label': 'Negative', 'score': 0.935225784778595}]",Negative,0.935225784778595
86,1483861770460672010,2022-01-19 17:59:49+00:00, neither - not avatar because i thought the first one was crap and not aquaman because i prefer abusive a***holes who lie about donating to sick children to be in jail not on a cinema screen. (i am talking about amber heard just in case no one knows what she's been up to),"[{'label': 'Negative', 'score': 0.9028568267822266}]",Negative,0.9028568267822266
87,1483691390026588161,2022-01-19 06:42:47+00:00, definitely not going to watch it if amber heard is in aquaman. justice for johnny depp,"[{'label': 'Negative', 'score': 0.7988554239273071}]",Negative,0.7988554239273071
88,1483690929106079745,2022-01-19 06:40:57+00:00," neither. both of them gon be trash, amber heard in aquaman 2ü§Æü§Æü§Æ","[{'label': 'Negative', 'score': 0.9294473528862}]",Negative,0.9294473528862
89,1483687546362155008,2022-01-19 06:27:31+00:00,  what‚Äôs wrong with amber heard?,"[{'label': 'Negative', 'score': 0.6493187546730042}]",Negative,0.6493187546730042
90,1483687267298328579,2022-01-19 06:26:24+00:00, if you‚Äôre going to watch aqua man i don‚Äôt fuck with you. me and my homies hate amber heard,"[{'label': 'Negative', 'score': 0.9220860600471497}]",Negative,0.9220860600471497
91,1483685883282866176,2022-01-19 06:20:54+00:00," in a perfect world, i'd watch both. amber heard's career still continuing proves that we don't live in a perfect world.","[{'label': 'Neutral', 'score': 0.4187408685684204}]",Neutral,0.4187408685684204
92,1483684805854248960,2022-01-19 06:16:37+00:00, i'll see aquaman if they fire amber heard but i'm sure we're already too far last that point. no avatar for me thank you because fuck james cameron and fuck the first movie that shit was lame,"[{'label': 'Negative', 'score': 0.8783851265907288}]",Negative,0.8783851265907288
93,1483683782951645184,2022-01-19 06:12:34+00:00,"  hey  everybody look, he no wanted to see the movie because amber heard is in... https://t.co/gszudpuj5i","[{'label': 'Neutral', 'score': 0.5174229741096497}]",Neutral,0.5174229741096497
94,1483683247347359749,2022-01-19 06:10:26+00:00, eww. aquamam 1 was surprisingly watchable but no thanks to supporting amber heard and fuck avatar honestly,"[{'label': 'Negative', 'score': 0.928564190864563}]",Negative,0.928564190864563
95,1483681072764403714,2022-01-19 06:01:47+00:00," i'll not be watching aquaman ever. love jason, but he should've stood with johnny and not made the film with the abuser amber heard. with all the cancellations and #metoo news - it's absurd that she's getting a pass.

avatar on the other hand - been waiting a long time to see it.","[{'label': 'Negative', 'score': 0.8564620614051819}]",Negative,0.8564620614051819
96,1483680850013208576,2022-01-19 06:00:54+00:00, i might be watching neither #justiceforjohnnydepp #rehireginacarano #welovecaradune #istandwithginacarano,"[{'label': 'Neutral', 'score': 0.6544285416603088}]",Neutral,0.6544285416603088
97,1483680179759325184,2022-01-19 05:58:14+00:00, amber heard. https://t.co/3xi7sw0ekr,"[{'label': 'Neutral', 'score': 0.8479642868041992}]",Neutral,0.8479642868041992
98,1483679511392645121,2022-01-19 05:55:35+00:00,  was waiting for someone to say this! #justiceforjohnnydepp,"[{'label': 'Positive', 'score': 0.4576714038848877}]",Positive,0.4576714038848877
99,1483678912534229012,2022-01-19 05:53:12+00:00," definitely watching for more jason momoa hehehe. idk about amber tho...#justiceforjohnnydepp  i never really liked the first avatar, and it's been so long since the first one came out; not sure if a lot of people will really like/care about it tbh.","[{'label': 'Positive', 'score': 0.5309829711914062}]",Positive,0.5309829711914062
100,1483935644736962560,2022-01-19 22:53:22+00:00," screw amber heard, avatar 2 is my choice.","[{'label': 'Neutral', 'score': 0.4587305784225464}]",Neutral,0.4587305784225464
101,1483935066803875840,2022-01-19 22:51:04+00:00," neither. i won‚Äôt support amber heard, and i also won‚Äôt support a sequel of a movie that had me falling asleep in the movie theater.","[{'label': 'Negative', 'score': 0.8780494928359985}]",Negative,0.8780494928359985
102,1483935065432367104,2022-01-19 22:51:04+00:00," considering that ah is still in aquaman 2, i'd rather watch avatar.
because after what was revealed about ah and what she did on johnny depp, i have no interest to see anything she does. nor do hundreds of millions of people worldwide.
#justiceforjohnnydepp 1/ https://t.co/cscaycak8z","[{'label': 'Negative', 'score': 0.8139669299125671}]",Negative,0.8139669299125671
103,1483934852613386242,2022-01-19 22:50:13+00:00, avatar 2 highly likely. aquaman 2 is a hell no!! not paying to see that movie with amber heard involved in it.,"[{'label': 'Negative', 'score': 0.9061015844345093}]",Negative,0.9061015844345093
104,1483934103644876800,2022-01-19 22:47:15+00:00, avatar 2 because i‚Äôm not supporting an abuser like amber heard,"[{'label': 'Negative', 'score': 0.8385787606239319}]",Negative,0.8385787606239319
105,1483930197535735812,2022-01-19 22:31:43+00:00, aquaman? not a chance in hell i will sit &amp; watch a movie that knowingly and willingly employs and glorifies a narcissistic domestic abuser. #justiceforjohnnydepp #justicefortruevictims #amberheardisanabuser #boycottwarnerbros #boycottanythinginvolvingabuserheard https://t.co/21cqqjpg53,"[{'label': 'Negative', 'score': 0.9025201201438904}]",Negative,0.9025201201438904
106,1483926086631276548,2022-01-19 22:15:23+00:00," not watching aquaman, b/c üí©is making it turdy, avatar for me. #justiceforjohnnydepp","[{'label': 'Negative', 'score': 0.9054452776908875}]",Negative,0.9054452776908875
107,1483924953171111937,2022-01-19 22:10:53+00:00, amber heard will get my support for sure,"[{'label': 'Positive', 'score': 0.8322789669036865}]",Positive,0.8322789669036865
108,1483730620325179395,2022-01-19 09:18:40+00:00, #boycottwb #amberheardisanabuser #amberheardperjury,"[{'label': 'Negative', 'score': 0.9049769639968872}]",Negative,0.9049769639968872
109,1483730253457813507,2022-01-19 09:17:13+00:00," hahha, no way. i will watch avatar 2 several times (as the first one) in cinema, no point to waste money on a movie where they promote an abuser #amberheardisanabuser","[{'label': 'Negative', 'score': 0.6821471452713013}]",Negative,0.6821471452713013
110,1483730037811519488,2022-01-19 09:16:22+00:00," not going to watch abuser amber heard.  #amberheardisanabuser 
#amberheard","[{'label': 'Negative', 'score': 0.9020765423774719}]",Negative,0.9020765423774719
111,1483727216357875719,2022-01-19 09:05:09+00:00," neither
... 

nothing with #amberheardisaliar will i ever watch again. i dont care if it was a phase 2 of mcu and she was in 3 integral parts to the entirity!!! i'd just be lost for the end. i wouldn't care if you paid me!! i wouldn't watch her......","[{'label': 'Negative', 'score': 0.8925952315330505}]",Negative,0.8925952315330505
112,1483724388985880580,2022-01-19 08:53:55+00:00, only watching avatar 2 and hoping amber heard's character gets killed off in the in the 1st 5 mins. of aquaman,"[{'label': 'Neutral', 'score': 0.507183313369751}]",Neutral,0.507183313369751
113,1483724216314777605,2022-01-19 08:53:14+00:00," i'll watch avatar in theaters but aquaman, the problem is amber heard who the media dolled up and helped destroy johnny depp, no! not getting away with it, she better reconcile with depp and help him get his career back or she's loosing hers as well because i can't stand her.","[{'label': 'Negative', 'score': 0.7927784323692322}]",Negative,0.7927784323692322
114,1483722555361939457,2022-01-19 08:46:38+00:00, i won‚Äôt watch anything with amber heard. #justiceforjohnnydepp,"[{'label': 'Negative', 'score': 0.8579661846160889}]",Negative,0.8579661846160889
115,1483722551406866432,2022-01-19 08:46:37+00:00," personally couldn't give less of a shit about avatar franchise, but aquaman? only if they make a last minute decision to scrap amber heard","[{'label': 'Negative', 'score': 0.8766618371009827}]",Negative,0.8766618371009827
116,1483722356656902146,2022-01-19 08:45:50+00:00, since amber heard is in aquaman 2 i will not be supporting a movie with a abuser in it #justiceforjohnnydepp,"[{'label': 'Negative', 'score': 0.8734519481658936}]",Negative,0.8734519481658936
117,1483783833367592963,2022-01-19 12:50:07+00:00, nope. one's a sequel to the most generic sci-fi blockbuster of the last decade and the other features amber heard. i'm perfectly fine with skipping them both.,"[{'label': 'Negative', 'score': 0.5363075733184814}]",Negative,0.5363075733184814
118,1483782804009795591,2022-01-19 12:46:02+00:00," is amber heard still attached to aquaman? if so, that's a no.","[{'label': 'Negative', 'score': 0.6259831786155701}]",Negative,0.6259831786155701
119,1483782174411309057,2022-01-19 12:43:32+00:00, well one of them has amber heard sooo.... https://t.co/lmy19kp4ew,"[{'label': 'Neutral', 'score': 0.910302996635437}]",Neutral,0.910302996635437
120,1483781553935335426,2022-01-19 12:41:04+00:00, if aquaman has amber heard in it than i will be giving it a miss,"[{'label': 'Neutral', 'score': 0.6901015043258667}]",Neutral,0.6901015043258667
121,1483781285638467590,2022-01-19 12:40:00+00:00,"  true, i too won't be watching aquaman or any other amber heard film.","[{'label': 'Negative', 'score': 0.6347809433937073}]",Negative,0.6347809433937073
122,1483780963196940288,2022-01-19 12:38:43+00:00," even when i‚Äôm a huge dc fan, i can‚Äôt support aquaman 2 because of amber heard. i can‚Äôt give my money to a movie that have an actual abuser as co-protagonist. so, i chose avatar 2","[{'label': 'Negative', 'score': 0.8746613264083862}]",Negative,0.8746613264083862
123,1483777386231521282,2022-01-19 12:24:30+00:00, avatar 2. i have no interest watching aquaman 2 with amber heard in it. don‚Äôt get me started with ray fisher situation. i won‚Äôt be watching aquaman 2. this is me on december 16th going to see avatar 2. https://t.co/ar9e72ztlt,"[{'label': 'Negative', 'score': 0.839794397354126}]",Negative,0.839794397354126
124,1483776715927216132,2022-01-19 12:21:50+00:00, unfortunately i won't be watching aquaman since they decided to keep amber heard in it and she's a repulsive liar. #justiceforjohnnydepp #johnnydepp always!,"[{'label': 'Negative', 'score': 0.9454675912857056}]",Negative,0.9454675912857056
125,1483775084095438854,2022-01-19 12:15:21+00:00," i won't be supporting anything with amber heard involved, aquaman will flop..","[{'label': 'Negative', 'score': 0.8928345441818237}]",Negative,0.8928345441818237
126,1483773280788094979,2022-01-19 12:08:11+00:00, will not support aquamarine 2 due to amber heard.,"[{'label': 'Negative', 'score': 0.7639264464378357}]",Negative,0.7639264464378357
127,1483772286071095297,2022-01-19 12:04:14+00:00," i don't need to see either. i'm just not interested in what's going on in pandora anymore, and i won't watch any movie with amber heard in it.","[{'label': 'Negative', 'score': 0.8924072980880737}]",Negative,0.8924072980880737
128,1483768041251155975,2022-01-19 11:47:22+00:00,  *especially if amber heard is in it,"[{'label': 'Neutral', 'score': 0.8334473967552185}]",Neutral,0.8334473967552185
129,1483767221772066818,2022-01-19 11:44:07+00:00, avatar 2 because aquaman 2 has amber heard in it.,"[{'label': 'Neutral', 'score': 0.8211475014686584}]",Neutral,0.8211475014686584
130,1483766782041235457,2022-01-19 11:42:22+00:00, amber heard‚Äôs aquaman 2? hard pass.,"[{'label': 'Neutral', 'score': 0.6606009602546692}]",Neutral,0.6606009602546692
131,1483766620182962178,2022-01-19 11:41:43+00:00," avatar 2, not even a question, i can‚Äôt stand amber heard in anymore movies now that i know what kind of person she is. #boycottwb","[{'label': 'Negative', 'score': 0.939863383769989}]",Negative,0.939863383769989
132,1483764599803498497,2022-01-19 11:33:42+00:00," reality #1: one or both of the films will be moved from this release date (just box office reality).

reality #2: a majority of the responses here are based on people's opinion on the amber heard/johnny depp situation.

now you know.","[{'label': 'Neutral', 'score': 0.8012950420379639}]",Neutral,0.8012950420379639
133,1483764552378593281,2022-01-19 11:33:30+00:00," nope not even gonna bother with aquaman2 it's got a floating turd in it #justiceforjohnnydepp üíú 

avatar  2 i don't know yet 

#moonknight  looks interesting","[{'label': 'Negative', 'score': 0.602786660194397}]",Negative,0.602786660194397
134,1483764383524216843,2022-01-19 11:32:50+00:00," aquaman. amber heard is easy on the eyes. 

avatar is 20 years too late. https://t.co/rrz1ryy2f0","[{'label': 'Neutral', 'score': 0.47464919090270996}]",Neutral,0.47464919090270996
135,1483760066427703296,2022-01-19 11:15:41+00:00, amber heard doesn‚Äôt deserve our money so no i will not,"[{'label': 'Negative', 'score': 0.8287423253059387}]",Negative,0.8287423253059387
136,1483759206952013824,2022-01-19 11:12:16+00:00, no one's gonna see a2 if amber heard's gonna be in it. #justiceforjohnnydepp,"[{'label': 'Negative', 'score': 0.8244552612304688}]",Negative,0.8244552612304688
137,1483758707255255044,2022-01-19 11:10:17+00:00, won't be watching if amber heard is in there. not going to support a movie that lets an abuser keep her position.,"[{'label': 'Negative', 'score': 0.9142258167266846}]",Negative,0.9142258167266846
138,1483758208829243392,2022-01-19 11:08:18+00:00, well avatar 2 dosent have a known abuser like amber heard in it so i‚Äôm gonna go see that instead. ain‚Äôt no way i‚Äôm gonna contribute to filling the pockets of amber heard,"[{'label': 'Negative', 'score': 0.8340077996253967}]",Negative,0.8340077996253967
139,1483757920252743682,2022-01-19 11:07:09+00:00," avatar all the way!! #justiceforjohnnydepp #johnnydepp
#amberheardisaliar #amberheardisanabuser https://t.co/1bq8qcapax","[{'label': 'Positive', 'score': 0.6574064493179321}]",Positive,0.6574064493179321
140,1483756226186194946,2022-01-19 11:00:25+00:00, i'm not watching anything that has amber heard in it,"[{'label': 'Negative', 'score': 0.5933419466018677}]",Negative,0.5933419466018677
141,1483756000456892416,2022-01-19 10:59:32+00:00," watching both as every normal human being.
couldn't care less about amber heard's private life.
she has great chemistry with momoa and is hot.","[{'label': 'Positive', 'score': 0.9114875793457031}]",Positive,0.9114875793457031
142,1483755122786250755,2022-01-19 10:56:02+00:00, the one that lacks amber heard.,"[{'label': 'Neutral', 'score': 0.530022919178009}]",Neutral,0.530022919178009
143,1483754438263201796,2022-01-19 10:53:19+00:00,  avatar had an amazing world and visuals that alone is worth watching it for. i remember watching it in cinema and the 3d for first time was actually utilised well. il also be watching aquaman despite amber heard that's not going to stop me watching . plus she will be hardly seen.,"[{'label': 'Positive', 'score': 0.9659671187400818}]",Positive,0.9659671187400818
144,1483797932868608008,2022-01-19 13:46:09+00:00," #boycottaquaman2
#boycottwarnerbros
#boycottamberheard
#amberheardisanabuser she also loves to record people illegally. attacks her own sister whitney....
#amberheardisaracict
#amberheardisagolddigger
#amberheardisaliar
#justiceforjohnnydepp https://t.co/l3rhs3q5fw","[{'label': 'Negative', 'score': 0.8835752010345459}]",Negative,0.8835752010345459
145,1483797891294674948,2022-01-19 13:45:59+00:00, not watching anything with amber heard in it.,"[{'label': 'Negative', 'score': 0.5891053080558777}]",Negative,0.5891053080558777
146,1483796225908523015,2022-01-19 13:39:22+00:00," probably neither

1) i don‚Äôt wanna watch a movie with amber heard 

2) i lost interest in avatar since 2011","[{'label': 'Negative', 'score': 0.7463598251342773}]",Negative,0.7463598251342773
147,1483795536260251648,2022-01-19 13:36:38+00:00," as much as i fucking hate amber heard, i will watch aquaman out of respect to james and wan.","[{'label': 'Negative', 'score': 0.7219297885894775}]",Negative,0.7219297885894775
148,1483793854805467143,2022-01-19 13:29:57+00:00," yo, is amber heard still there? sorry, momoa, but if i see something it's gonna be avatar","[{'label': 'Neutral', 'score': 0.6984987258911133}]",Neutral,0.6984987258911133
149,1483793119586004992,2022-01-19 13:27:01+00:00, i came here for the amber hate and you did not disappoint! #boycottwb #amberheardisanabuser #justiceforjohnnydepp,"[{'label': 'Negative', 'score': 0.8697591423988342}]",Negative,0.8697591423988342
150,1483792621898190854,2022-01-19 13:25:03+00:00," avatar, aquaman deserves to be boycott for having miss abuser amber heard in it :)","[{'label': 'Negative', 'score': 0.8731300234794617}]",Negative,0.8731300234794617
151,1483791023553847300,2022-01-19 13:18:42+00:00, probably avatar 2. i'm not watching anything with amber heard in it.,"[{'label': 'Negative', 'score': 0.6117379665374756}]",Negative,0.6117379665374756
152,1483790434661015556,2022-01-19 13:16:21+00:00, if they had recast amber heard yeah. not only is she a terrible actress but her history of abuse is fucked up. avatar 2 can take my money instead.,"[{'label': 'Negative', 'score': 0.9527083039283752}]",Negative,0.9527083039283752
153,1483789564036714497,2022-01-19 13:12:54+00:00," avatar 2, maybe. aquaman 2, definitely not. üëç

#amberheardisanabuser","[{'label': 'Neutral', 'score': 0.6575261950492859}]",Neutral,0.6575261950492859
154,1483788899583418372,2022-01-19 13:10:15+00:00," no. avatar is just why at this point, and i won‚Äôt support amber heard. but hey, at least we now know why momoa wouldn‚Äôt speak out about her. lost a lot of respect for him now, too.","[{'label': 'Negative', 'score': 0.8316340446472168}]",Negative,0.8316340446472168
155,1483784873789771782,2022-01-19 12:54:15+00:00," hard pass on am, u can thank amber heard. guess i‚Äôm going to watch an updated version of avatar üôÑ","[{'label': 'Negative', 'score': 0.49704572558403015}]",Negative,0.49704572558403015
156,1483814356605353984,2022-01-19 14:51:25+00:00, only avatar 2 screw aquaman 2 since wb is keeping amber. heard in the movie,"[{'label': 'Negative', 'score': 0.5895904302597046}]",Negative,0.5895904302597046
157,1483813590821920777,2022-01-19 14:48:22+00:00, i won‚Äôt watch aquaman because i don‚Äôt give a shit and amber heard.,"[{'label': 'Negative', 'score': 0.8922421336174011}]",Negative,0.8922421336174011
158,1483813512220758017,2022-01-19 14:48:03+00:00, is amber heard in aquaman 2?  if she is then no,"[{'label': 'Neutral', 'score': 0.8093295693397522}]",Neutral,0.8093295693397522
159,1483813511436414985,2022-01-19 14:48:03+00:00, been waiting for avatar 2 for a decade. as for aquaman 2... well i won't be paying to watch amber heard.,"[{'label': 'Negative', 'score': 0.7322959303855896}]",Negative,0.7322959303855896
160,1483812918999326722,2022-01-19 14:45:42+00:00, i would love to watch aquaman 2 but amber heard is involved and i‚Äôm not watching anything that she‚Äôs involved in,"[{'label': 'Negative', 'score': 0.6695042848587036}]",Negative,0.6695042848587036
161,1483812800980000772,2022-01-19 14:45:14+00:00," #amberheardisaliar and an abuser, so hard pass on aquaman 2.","[{'label': 'Negative', 'score': 0.9402345418930054}]",Negative,0.9402345418930054
162,1483812647489486853,2022-01-19 14:44:37+00:00, i have literally zero interest in any more avatar movies and amber heard is the sole reason i am not seeing aquaman 2,"[{'label': 'Negative', 'score': 0.8422717452049255}]",Negative,0.8422717452049255
163,1483812572101066752,2022-01-19 14:44:19+00:00, will amber heard still be in aquaman? then i'll be watching avatar 2 ü§£,"[{'label': 'Neutral', 'score': 0.7803273797035217}]",Neutral,0.7803273797035217
164,1483812292815093763,2022-01-19 14:43:13+00:00," no, mainly because i'm actually not interested in these movies. their prequels were fine, but i didn't find them interesting enough that i'd want more. i might check avatar 2 out months from now if i'm bored, but aquaman 2? nah, thanks to amber heard.","[{'label': 'Negative', 'score': 0.8528602719306946}]",Negative,0.8528602719306946
165,1483810784148967426,2022-01-19 14:37:13+00:00, i‚Äôll definitely be watching avatar 2 but i‚Äôd rather stick pins in my eyes than watch anything with amber heard in it.,"[{'label': 'Negative', 'score': 0.7061520218849182}]",Negative,0.7061520218849182
166,1483810655274782725,2022-01-19 14:36:42+00:00, avatar. should have ditched amber heard when you had the chance.,"[{'label': 'Negative', 'score': 0.8270481824874878}]",Negative,0.8270481824874878
167,1483809044137664524,2022-01-19 14:30:18+00:00," avatar 2, hard pass on aquaman with amber heard.","[{'label': 'Neutral', 'score': 0.6882014274597168}]",Neutral,0.6882014274597168
168,1483806399851384837,2022-01-19 14:19:48+00:00, honestly i‚Äôll more than likely watch avatar 2 over aquaman 2. wb really fucked up when they kept amber heard as mera. so until that bitch is gone i‚Äôm sticking with avatar 2,"[{'label': 'Negative', 'score': 0.8505376577377319}]",Negative,0.8505376577377319
169,1483803516430954507,2022-01-19 14:08:20+00:00, i refuse to support anything with amber heard in it. #justiceforjohnnydepp,"[{'label': 'Negative', 'score': 0.894749641418457}]",Negative,0.894749641418457
170,1483802947863527424,2022-01-19 14:06:05+00:00," i don't want to see amber heard. so, i'll watch avatar 2.

#amberheardisanabuser
#amberheardisaliar
#fireamberheard","[{'label': 'Negative', 'score': 0.8620593547821045}]",Negative,0.8620593547821045
171,1483802173666435083,2022-01-19 14:03:00+00:00, i don't watch anything amber heard is involved in.,"[{'label': 'Negative', 'score': 0.5769509077072144}]",Negative,0.5769509077072144
172,1483801385577721863,2022-01-19 13:59:52+00:00," i will watch aquaman on hbomax if it drops there. it‚Äôs a comic book movie so i gotta watch it because of the universe it takes place in. don‚Äôt get me wrong, fuck amber heard, but i still gotta watch. jason might need the money for after the divorce.","[{'label': 'Positive', 'score': 0.5656174421310425}]",Positive,0.5656174421310425
173,1483801218598248451,2022-01-19 13:59:12+00:00, amber heard is in aquaman 2 right? i'll be pirating that movie if that's the case.,"[{'label': 'Neutral', 'score': 0.6839703321456909}]",Neutral,0.6839703321456909
174,1483799935166423042,2022-01-19 13:54:06+00:00, which one doesn't have amber heard? there's your answer.,"[{'label': 'Neutral', 'score': 0.6944021582603455}]",Neutral,0.6944021582603455
175,1483799924491923458,2022-01-19 13:54:04+00:00, won‚Äòt support amber heard but probably gonna check out avatar‚Ä¶it‚Äòs james cameron. it‚Äòs gonna be good.,"[{'label': 'Positive', 'score': 0.8446970582008362}]",Positive,0.8446970582008362
176,1483890447084924928,2022-01-19 19:53:46+00:00, the one without amber heard,"[{'label': 'Neutral', 'score': 0.7637219429016113}]",Neutral,0.7637219429016113
177,1483888451690844168,2022-01-19 19:45:50+00:00, #boycottaquaman #boycottaquaman2 #boycottwarnerbros  #justiceforjohnnydepp #amberheardisanabuser,"[{'label': 'Neutral', 'score': 0.5246526598930359}]",Neutral,0.5246526598930359
178,1483886239459819520,2022-01-19 19:37:03+00:00,  what do you have against amber heard?,"[{'label': 'Neutral', 'score': 0.8430539965629578}]",Neutral,0.8430539965629578
179,1483884831444377601,2022-01-19 19:31:27+00:00," common knowledge that amber heard is abusive. leave depp out of it: she was arrested for committing dv against her girlfriend at the time, tasya van ree. she assaulted her and broke her necklace. they didn't pursue it only bc she wasn't a resident of the state, but was arrested","[{'label': 'Negative', 'score': 0.7988450527191162}]",Negative,0.7988450527191162
180,1483884342078324740,2022-01-19 19:29:31+00:00," yes, and tell amber heard i love her https://t.co/nzpg8lafhf","[{'label': 'Positive', 'score': 0.9091106057167053}]",Positive,0.9091106057167053
181,1483880678882119681,2022-01-19 19:14:57+00:00," regardless of what anyone thinks, avatar 2 is going to be a huge success. every cameron movie is. also‚Ä¶ amber heard is a lying succubus with zero talent and i won‚Äôt be watching aquaman","[{'label': 'Positive', 'score': 0.671860933303833}]",Positive,0.671860933303833
182,1483878523265814534,2022-01-19 19:06:23+00:00," absolutely will be watching avatar 2. however, until amber heard gets what she deserves i'm staying far away from aquacuck.","[{'label': 'Neutral', 'score': 0.5590893030166626}]",Neutral,0.5590893030166626
183,1483878342713651207,2022-01-19 19:05:40+00:00, i have never and will never watch any movie featuring amber heard,"[{'label': 'Negative', 'score': 0.7076482772827148}]",Negative,0.7076482772827148
184,1483843640900431872,2022-01-19 16:47:47+00:00, i'm not sure about watching avatar 2 yet but i definitely will not watch aquaman 2. i'm not watching anything with amber heard in it,"[{'label': 'Negative', 'score': 0.8015568852424622}]",Negative,0.8015568852424622
185,1483842212865601536,2022-01-19 16:42:06+00:00, lmao they really said we know no one is gonna watch this movie because of amber heard so let‚Äôs release it on the same day as the biggest movie of all time then we can blame it on that.,"[{'label': 'Negative', 'score': 0.8267267942428589}]",Negative,0.8267267942428589
186,1483841094089687047,2022-01-19 16:37:39+00:00, all the nope to any film with #amberheardisanabuser in it.,"[{'label': 'Negative', 'score': 0.726552426815033}]",Negative,0.726552426815033
187,1483838320207486980,2022-01-19 16:26:38+00:00," neither. never cared about the thought of alien dances with wolves, and i don‚Äôt support abusers like amber heard.","[{'label': 'Negative', 'score': 0.8095350861549377}]",Negative,0.8095350861549377
188,1483838196727308291,2022-01-19 16:26:09+00:00," i refuse to watch anything with amber heard. i feel bad for jason, but as a victim of abuse myself, supporting an abuser is my line in the sand. my 1 ticket may not make a difference in the box office numbers, but at least i will be true to myself. #amberheardisanabuser","[{'label': 'Negative', 'score': 0.8856040239334106}]",Negative,0.8856040239334106
189,1483835345947054083,2022-01-19 16:14:49+00:00, if amber heard is on the payroll i am avoiding it.,"[{'label': 'Negative', 'score': 0.6837279200553894}]",Negative,0.6837279200553894
190,1483833309817888775,2022-01-19 16:06:44+00:00,  too much cgi in both for my liking.  and terrible actors like amber heard,"[{'label': 'Negative', 'score': 0.9474231004714966}]",Negative,0.9474231004714966
191,1483832957576134658,2022-01-19 16:05:20+00:00, nope. fire amber heard,"[{'label': 'Neutral', 'score': 0.7283063530921936}]",Neutral,0.7283063530921936
192,1483831239421349895,2022-01-19 15:58:30+00:00, fuuuuuuck aquaman 2 as long as amber heard is apart of that franchise,"[{'label': 'Negative', 'score': 0.9131829142570496}]",Negative,0.9131829142570496
193,1483905963916673026,2022-01-19 20:55:26+00:00," why are you even asking?  warner bros had no problem hiring amber heard for aquaman though it is a fact she lied about abuse, about donating to sick children and she abused her ex husband. 
#justiceforjohnnydeppvirginia2022","[{'label': 'Negative', 'score': 0.8489022850990295}]",Negative,0.8489022850990295
194,1483905781934211072,2022-01-19 20:54:42+00:00, i‚Äôll admire jason mamoa and his beauty from afar. i just don‚Äôt care aquaman even though the first one was cute. i‚Äôd prefer avatar. i‚Äôll have cbm fatigue after doctor strange mvom. plus that amber heard chick is still on it i heard? that‚Äôs lame.,"[{'label': 'Negative', 'score': 0.4340512454509735}]",Negative,0.4340512454509735
195,1483903686870929408,2022-01-19 20:46:23+00:00," avatar 2 i cannot wait, i really enjoyed the first one. it is so visually pleasing.....aquawho? is amber heard still in it? not a chance i'll even waste 5 seconds of my precious time.","[{'label': 'Positive', 'score': 0.8958120346069336}]",Positive,0.8958120346069336
196,1483903292321288194,2022-01-19 20:44:49+00:00, absolutely not!  not with amber heard. lied about donating millions to sick kids. lied about abuse. committed perjury. insulted genuine dv survivors.,"[{'label': 'Negative', 'score': 0.9060947299003601}]",Negative,0.9060947299003601
197,1483900044264628227,2022-01-19 20:31:54+00:00, not seeing a movie with amber heard in it,"[{'label': 'Negative', 'score': 0.5284448862075806}]",Negative,0.5284448862075806
198,1483898728654200836,2022-01-19 20:26:41+00:00," turd movie? no way in hell. #amberturd got $7m in divorce money, and initiated articles in sun and wp to distract audience from the fact she was keeping it. #fireamberheard #justiceforjohnnydepp https://t.co/pfwjdrien3","[{'label': 'Negative', 'score': 0.8961241841316223}]",Negative,0.8961241841316223
199,1483894440469188617,2022-01-19 20:09:38+00:00," i feel for #jasonmomoa, its a shame his film will be avoided by so many and marred by the fact  kept a self confessed abuser (who is as wooden as wooden can be 'acting') ignoring all the audio and video evidence. they deserve it, he doesn't. #amberheardisaliar","[{'label': 'Negative', 'score': 0.9200899004936218}]",Negative,0.9200899004936218
200,1483920187699056647,2022-01-19 21:51:57+00:00, i won‚Äôt support aquaman 2 because of amber heard but i will pirate it,"[{'label': 'Neutral', 'score': 0.570144534111023}]",Neutral,0.570144534111023
201,1483919838938550276,2022-01-19 21:50:34+00:00, avatar 2 because fuck amber heard!,"[{'label': 'Negative', 'score': 0.8264176845550537}]",Negative,0.8264176845550537
202,1483917107469426691,2022-01-19 21:39:42+00:00," aquaman, no! i will never watch abuser amber heard.","[{'label': 'Negative', 'score': 0.8988807797431946}]",Negative,0.8988807797431946
203,1483916400435605505,2022-01-19 21:36:54+00:00," avatar 2 is a about a decade too late for me to care about it, and i'll poke my own eye out before helping to advance amber heard's career in any way","[{'label': 'Negative', 'score': 0.9019857048988342}]",Negative,0.9019857048988342
204,1483915022866825218,2022-01-19 21:31:25+00:00,"    .... a thread asking if people will watch aquaman 2, for your enjoyment üòÇ
#justiceforjohnnydepp #boycottwb #amberheardisanabuser #amberheardisaliar","[{'label': 'Neutral', 'score': 0.6077109575271606}]",Neutral,0.6077109575271606
205,1483912616435142656,2022-01-19 21:21:52+00:00, i know i won't be watching aquaman 2 #amberheardisanabuser https://t.co/onhw5zlb6j,"[{'label': 'Negative', 'score': 0.7077462077140808}]",Negative,0.7077462077140808
206,1483910910683004937,2022-01-19 21:15:05+00:00," no to aquaman since they kept the abuser.

 #amberheardisanabuser","[{'label': 'Negative', 'score': 0.604169487953186}]",Negative,0.604169487953186
207,1483860271433396225,2022-01-19 17:53:52+00:00,  i like amber heard. she is very attractive.,"[{'label': 'Positive', 'score': 0.976704478263855}]",Positive,0.976704478263855
208,1483860165170712576,2022-01-19 17:53:26+00:00,  i am watching it for amber heard,"[{'label': 'Neutral', 'score': 0.894736647605896}]",Neutral,0.894736647605896
209,1483858209928617986,2022-01-19 17:45:40+00:00," nope. i don‚Äôt pay my hard earned money to watch abusers thanks.

#amberheardisanabuser 
#justiceforjohnnydepp https://t.co/z3lus360co","[{'label': 'Negative', 'score': 0.8445176482200623}]",Negative,0.8445176482200623
210,1483858064914714628,2022-01-19 17:45:06+00:00, #boycottwb #amberheardisanabuser,"[{'label': 'Negative', 'score': 0.8520007729530334}]",Negative,0.8520007729530334
211,1483857872748437508,2022-01-19 17:44:20+00:00, definitely watching avatar 2! aquaman would've been a good watch if amber heard wasn't in it,"[{'label': 'Positive', 'score': 0.9153209328651428}]",Positive,0.9153209328651428
212,1483857614501027841,2022-01-19 17:43:18+00:00,"  louder for the people at the back üëèüèªüëèüèªüëèüèªüëèüèªüëèüèªüëèüèªüëèüèªüëèüèª

#amberheardisanabuser","[{'label': 'Positive', 'score': 0.9097638130187988}]",Positive,0.9097638130187988
213,1483855239488884750,2022-01-19 17:33:52+00:00," avatar, yes, aquaman will probably pirate as long as they hire that abuser amber heard","[{'label': 'Neutral', 'score': 0.48413002490997314}]",Neutral,0.48413002490997314
214,1483852420165902340,2022-01-19 17:22:40+00:00," don‚Äôt really care about avatar, not watching aquaman because of amber heard","[{'label': 'Negative', 'score': 0.5728414058685303}]",Negative,0.5728414058685303
215,1483851169784950788,2022-01-19 17:17:42+00:00, hard pass on aquashit. #amberheardisanabuser,"[{'label': 'Neutral', 'score': 0.7057408094406128}]",Neutral,0.7057408094406128
216,1483847435902455810,2022-01-19 17:02:51+00:00, avatar 2 yes but i'm not watching any movie with amber heard in it,"[{'label': 'Negative', 'score': 0.48773568868637085}]",Negative,0.48773568868637085
217,1483845763872567298,2022-01-19 16:56:13+00:00, guess we're gonna go see avatar. they don't have abuser turd in it....#amberheardisanabuser #amberheardisaliar,"[{'label': 'Negative', 'score': 0.45617860555648804}]",Negative,0.45617860555648804
218,1485750189617029121,2022-01-24 23:03:43+00:00,"    justice andrew nicol also dismissed witnesses who were medical professionals and security personnel in favor of amber heard‚Äôs friends testimony 
heard is recorded on hours of audios admitting to abusing johnny depp and nicol dismissed that because he said she wasn‚Äôt under oath","[{'label': 'Negative', 'score': 0.5754350423812866}]",Negative,0.5754350423812866
219,1485749651513004036,2022-01-24 23:01:35+00:00,    justice andrew nicol in his judgement in the uk also concluded that amber heard could not throw a can of red bull at johnny depp because she didn‚Äôt drink it and that she could not have thrown her purse at him because she was wearing pajamas,"[{'label': 'Neutral', 'score': 0.7852359414100647}]",Neutral,0.7852359414100647
220,1485715001017094150,2022-01-24 20:43:54+00:00,"   https://t.co/oi4hbuotcv‚Ä¶

the judge in the johnny depp libel action concluded that ‚Äúthe great majority of alleged assaults‚Äù on amber heard by the pirates of the caribbean star had been ‚Äúproved to the civil standard‚Äù.","[{'label': 'Neutral', 'score': 0.765973687171936}]",Neutral,0.765973687171936
221,1484294316860260358,2022-01-20 22:38:36+00:00, no debate... avatar 2! i will not watch a movie with amber heard in it. she should have been fired!,"[{'label': 'Negative', 'score': 0.9327268600463867}]",Negative,0.9327268600463867
222,1483969782441713667,2022-01-20 01:09:01+00:00," i absolutely won't be watching  aquaman 2 because amber heard is supposedly in it. 
#justiceforjohnnydeppvirginia2022 
#amberheardistherealabuser 
#amberheardisaliar","[{'label': 'Negative', 'score': 0.9276648759841919}]",Negative,0.9276648759841919
223,1483965391357587459,2022-01-20 00:51:34+00:00," one has amber heard, the other doesn't. everyone pretty much knows which movie is going to be seen by more people at this point lol.","[{'label': 'Neutral', 'score': 0.8021015524864197}]",Neutral,0.8021015524864197
224,1484252492166750209,2022-01-20 19:52:24+00:00, nope! #justiceforjohnnydepp,"[{'label': 'Neutral', 'score': 0.4399479925632477}]",Neutral,0.4399479925632477
225,1483981074216669191,2022-01-20 01:53:53+00:00, who wants to watch anything with amber heard in it? disgusting. https://t.co/hgz0gj4lpj,"[{'label': 'Negative', 'score': 0.9257739186286926}]",Negative,0.9257739186286926
226,1483972253612138497,2022-01-20 01:18:50+00:00," i'll watch avatar 2 but there's no way i would watch aquaman 2. amber heard is an abuser who bragged about donating money to sick children when in fact she did not donate anything. besides that, it's not like her acting skills are out of this world.","[{'label': 'Negative', 'score': 0.8718227744102478}]",Negative,0.8718227744102478
227,1483972171290619906,2022-01-20 01:18:31+00:00, i‚Äôll be boycotting the movie with the domestic abuser amber heard.,"[{'label': 'Negative', 'score': 0.9026768803596497}]",Negative,0.9026768803596497
228,1484000526371074048,2022-01-20 03:11:11+00:00, i might watch avatar 2 but will never watch anything with amber heard she abused johnny depp yet   kept her and fired him i and all of us want #justiceforjohnnydepp,"[{'label': 'Negative', 'score': 0.8370897769927979}]",Negative,0.8370897769927979
229,1483987344202076164,2022-01-20 02:18:48+00:00, as much as i llooovveeddd aquaman ima have to go with avatar ( in 3 d) just cause i‚Äôve waited all these years for a sequel!! i‚Äôm still going to see aquaman. i don‚Äôt care about the amber heard drama ü§∑üèΩ‚Äç‚ôÄÔ∏è,"[{'label': 'Positive', 'score': 0.8671424984931946}]",Positive,0.8671424984931946
230,1484261343628832775,2022-01-20 20:27:35+00:00," aquaman 2 definitely 

look i understand the amber heard stuff i really do and i totally agree 

but if we go into every movie with hat sentimentally then we‚Äôre never gonna watch any movie again 

and there are even rumours that amber is not even in the movie that much anyway","[{'label': 'Neutral', 'score': 0.47427693009376526}]",Neutral,0.47427693009376526
231,1484195744915542016,2022-01-20 16:06:55+00:00, now let me think...a film with a spouse beater aka amber heard in it or avatar 2. that'll be avatar2 for the win!!,"[{'label': 'Positive', 'score': 0.7965681552886963}]",Positive,0.7965681552886963
232,1484195614032375814,2022-01-20 16:06:24+00:00," no way , not with that flappy fish market . #amberheardisaliar 
#amberheardtheabuser 
#justiceforjohnnydeppvirginia2022","[{'label': 'Negative', 'score': 0.8106698989868164}]",Negative,0.8106698989868164
233,1484155490452004866,2022-01-20 13:26:57+00:00, no because f**k amber heard. i'll spend my $$ to see the new avatar,"[{'label': 'Negative', 'score': 0.6019716858863831}]",Negative,0.6019716858863831
234,1484151933904596992,2022-01-20 13:12:49+00:00, if aquaman has amber heard in it i‚Äôm not watching any dc film ever again. shit is fucking disgusting.,"[{'label': 'Negative', 'score': 0.9495391845703125}]",Negative,0.9495391845703125
235,1484012479466414082,2022-01-20 03:58:41+00:00," neither, i don't like avatar, overrated af, and amber heard is a big no for me","[{'label': 'Negative', 'score': 0.9192109704017639}]",Negative,0.9192109704017639
236,1484007340643090434,2022-01-20 03:38:16+00:00," virgin amber heard: played as a supporting character and abuse jack sparrow actor like a p*ssy.

chad jason momoa: not only played as a main character but also cared about the fans, especially with danny sheehan who had cancer at a very young age.","[{'label': 'Neutral', 'score': 0.5686149001121521}]",Neutral,0.5686149001121521
237,1484003051782475776,2022-01-20 03:21:13+00:00," avatar, yes. aquaman, no. i do not support abusers like ah. #justiceforjohnnydepp","[{'label': 'Negative', 'score': 0.8667568564414978}]",Negative,0.8667568564414978
238,1484022726335606787,2022-01-20 04:39:24+00:00, i'd rather watch avatar because it has a lack of amber heard in it,"[{'label': 'Negative', 'score': 0.6559895873069763}]",Negative,0.6559895873069763
239,1484018154288386055,2022-01-20 04:21:14+00:00," hopefully avatar is going to be a visual spectacle worth watching on imax theaters
aquaman is just going to be another ugly super hero movie with badly finished cgi and amber heard was sacked.
so... avatar obviously","[{'label': 'Positive', 'score': 0.6881209015846252}]",Positive,0.6881209015846252
240,1484094026513289219,2022-01-20 09:22:43+00:00, i‚Äôll never watch anything with amber heard in it again. not even the rum diary. actually not sure if i want to watch wb or disney at all. at least i still love books lots more time to read ‚ò∫Ô∏è,"[{'label': 'Negative', 'score': 0.5177717804908752}]",Negative,0.5177717804908752
241,1484090950494285828,2022-01-20 09:10:30+00:00, big no! i cringe when i see anything with amber heard in it. she's a con artist not an actress #boycottaquaman2,"[{'label': 'Negative', 'score': 0.9199932813644409}]",Negative,0.9199932813644409
242,1484086090248114177,2022-01-20 08:51:11+00:00, #amberheardisanabuser,"[{'label': 'Neutral', 'score': 0.9032965302467346}]",Neutral,0.9032965302467346
243,1484129058921320453,2022-01-20 11:41:56+00:00, james cameron is the blockbuster king.  aquaman has amber heard in it.  obviously avatar 2.,"[{'label': 'Positive', 'score': 0.8025496006011963}]",Positive,0.8025496006011963
244,1484170890937917443,2022-01-20 14:28:09+00:00, ill pay to watch avatar 2 but not aqm2. not supporting anything involving that crazy domestic abuser. #justiceforjohnnydepp,"[{'label': 'Negative', 'score': 0.8903487920761108}]",Negative,0.8903487920761108
245,1484220405581856769,2022-01-20 17:44:54+00:00, #amberheardisanabuser #amberheardisafraud #amberheardisaliar #amberheardperjury #amberheardbeatjohnny #amberheardbeattasya #amberheardbeatwhitney #amberheardcharityfraud #amberhearddidnotdonate #amberheardfakedevidence #amberheardisacriminal #boycottwb ,"[{'label': 'Negative', 'score': 0.9117453694343567}]",Negative,0.9117453694343567
246,1483952562801983495,2022-01-20 00:00:36+00:00, no. i'll wait till aquaman 2's on hbo max or abuser amber heard is fired,"[{'label': 'Neutral', 'score': 0.4814700782299042}]",Neutral,0.4814700782299042
247,1484107482507231236,2022-01-20 10:16:11+00:00, well avatar was the most overrated movie of all time and aquaman has retained amber heard despite the fact she's a gaslighting psychopath so i think i'll just save myself some ¬£¬£ and a few hours and stay at home. üò¨,"[{'label': 'Negative', 'score': 0.9241207242012024}]",Negative,0.9241207242012024
248,1484096014902562818,2022-01-20 09:30:37+00:00, ever since the daily mail tapes released i haven't watched a single film with amber heard in it and i won't be changing that any time soon.,"[{'label': 'Negative', 'score': 0.7445608973503113}]",Negative,0.7445608973503113
249,1484234357795606534,2022-01-20 18:40:21+00:00, watching a movie with amber heard in it means i'm putting money in her pocket - a known abuser - who didn't donate money to sick kids like she claimed. no thanks!,"[{'label': 'Negative', 'score': 0.906075656414032}]",Negative,0.906075656414032
250,1484230429217538061,2022-01-20 18:24:44+00:00,"  i came here just for this tweet. thank you.

#amberheardisaliar #justiceforjohnnydepp","[{'label': 'Positive', 'score': 0.837152361869812}]",Positive,0.837152361869812
251,1484056813725274112,2022-01-20 06:54:51+00:00, avatar yes!!! amber heard?! he'll no,"[{'label': 'Positive', 'score': 0.5929165482521057}]",Positive,0.5929165482521057
252,1484037671991218181,2022-01-20 05:38:47+00:00, i‚Äôm only gonna be watching the latter because that doesn‚Äôt have amber heard in it and it‚Äôll be better written and put together,"[{'label': 'Neutral', 'score': 0.5697874426841736}]",Neutral,0.5697874426841736
253,1486704001089425417,2022-01-27 14:13:50+00:00," if you pay to watch aquaman 2 a movie that endorses liar amber heard, a person who lied about donating 7 millions to sick children in order to get good pr and look good, you are seriously messed up in the head. think about that. #amberheardisaliar https://t.co/mskscbg9ct","[{'label': 'Negative', 'score': 0.9258090853691101}]",Negative,0.9258090853691101
254,1486790932229984257,2022-01-27 19:59:16+00:00, boycott warner bros. boycott amber heard.,"[{'label': 'Negative', 'score': 0.7804393768310547}]",Negative,0.7804393768310547
255,1487278549706944513,2022-01-29 04:16:53+00:00, i‚Äôll be seeing avatar 2 and boycotting anything with amber heard.,"[{'label': 'Negative', 'score': 0.7917885184288025}]",Negative,0.7917885184288025
256,1485874109800235010,2022-01-25 07:16:08+00:00, avatar 2 cause ain‚Äôt no way i am watching anything with amber heard in it,"[{'label': 'Negative', 'score': 0.8120023012161255}]",Negative,0.8120023012161255
257,1485855892587356164,2022-01-25 06:03:45+00:00," the movie have  amber heard,  so i will not pay money to watch this movieüôÉ","[{'label': 'Negative', 'score': 0.8659834265708923}]",Negative,0.8659834265708923
258,1485140101969723397,2022-01-23 06:39:27+00:00, i will never watch anything that amber heard is in. ever!,"[{'label': 'Negative', 'score': 0.8660286664962769}]",Negative,0.8660286664962769
259,1517329699290361856,2022-04-22 02:29:25+00:00, kick out amber heard!,"[{'label': 'Neutral', 'score': 0.8247714042663574}]",Neutral,0.8247714042663574
